{"train_loss": [1.3801352397646354, 0.5105328800400439, 0.29615860115718934, 0.175210098525173, 0.13917591212870625], "val_loss": [0.8548400551329471, 0.8057299036414476, 0.8283806324801183, 0.7779623654131499, 0.8539528464634152], "train_acc": [0.5790353390639924, 0.8428844317096467, 0.9075931232091691, 0.9491404011461319, 0.9553486150907354], "val_acc": [0.7312186978297162, 0.7562604340567612, 0.7629382303839732, 0.7946577629382304, 0.7829716193656093]}