{"train_loss": [1.3772629563765175, 0.503718510113564, 0.25929566395203046, 0.187681415026657, 0.1418757053606262], "val_loss": [0.8898594288873752, 0.7792809019502694, 0.9123619546078282, 0.7761960023631636, 0.8002342722053719], "train_acc": [0.5685291308500477, 0.8438395415472779, 0.9221585482330468, 0.9400668576886342, 0.9534383954154728], "val_acc": [0.7061769616026711, 0.7662771285475793, 0.7429048414023373, 0.8113522537562604, 0.7979966611018364]}