{"train_loss": [1.7262408896193384, 2.018421592205441, 2.097177147285987, 2.1555242001508423, 2.1433450546056627, 2.1472553017452793, 2.1305696752794234, 2.1228866802946054, 2.132006480962068, 2.1333390525572775, 2.1219261466923944], "val_loss": [1.8430653725284962, 1.9416106957976265, 2.154493796150522, 2.1722813007758797, 2.1570853950023774, 2.14639040722786, 2.1380510528001158, 2.1228193088825584, 2.1516330383043516, 2.149744282495313, 2.097490396071687], "train_acc": [0.36027747894795414, 0.19950291204510887, 0.16670994546870943, 0.1713469599732908, 0.1754275327373224, 0.17275661238268353, 0.1836628704974589, 0.18381125496160552, 0.18199354527580963, 0.1842193122380087, 0.19249174611418185], "val_acc": [0.23610748760761804, 0.22906339681711455, 0.15653535090007828, 0.14557787633707278, 0.13435950952256717, 0.18627706757109314, 0.15627445864857814, 0.16905817897208453, 0.17166710148708583, 0.162014088181581, 0.2235846595356118]}