{"train_loss": [1.1100792806685387, 0.9213319835971113, 0.7835362874368386, 0.6422223490402524, 0.4845923697311284, 0.3649233040068166, 0.2728265317379342, 0.22114660560291555, 0.1778702874657267, 0.07980124314346172, 0.0599071617774095, 0.05684176229697685, 0.04735321084656614], "val_loss": [1.0777437047008829, 1.0777249105306932, 1.1169574408986056, 1.2269608308949917, 1.364627998824483, 1.485986864421201, 1.523436473626079, 1.772890190933497, 1.9084085405734525, 2.0395144679440773, 2.292049873384026, 2.220543186706862, 2.281396069703019], "train_acc": [0.5958979313979533, 0.6718784312003162, 0.7235715226843515, 0.7786464052000527, 0.8356976590978963, 0.8792217488690763, 0.9104044973428784, 0.9279722429619219, 0.9422021169133471, 0.9739997364838157, 0.9804558829988141, 0.9830032061135755, 0.9844525451271465], "val_acc": [0.6131725417439703, 0.5995670995670995, 0.6227581941867656, 0.6113172541743971, 0.5800865800865801, 0.5831787260358688, 0.5915275200989487, 0.5970933828076685, 0.5825602968460112, 0.6017316017316018, 0.5986394557823129, 0.5915275200989487, 0.6014223871366728]}