{"train_loss": [1.2079320753770662, 0.829321403216496, 1.0125514284815238], "val_loss": [1.063228896941884, 1.0026170904926943, 1.3914017412618722], "train_acc": [0.6041069723018148, 0.7359121298949379, 0.6809933142311366], "val_acc": [0.6844741235392321, 0.6878130217028381, 0.5075125208681135]}