{"train_loss": [1.3685541308939513, 0.5140126626636147, 0.2788332191214976, 0.1547015629132361, 0.1258648824099711], "val_loss": [0.8196502498075838, 0.7403292835057279, 0.7299126824472901, 0.8965980329975262, 0.9626730826616486], "train_acc": [0.578080229226361, 0.8373925501432665, 0.913323782234957, 0.9517669531996179, 0.9603629417383], "val_acc": [0.7345575959933222, 0.7913188647746243, 0.8013355592654424, 0.7762938230383973, 0.7896494156928213]}