{"train_loss": [1.2100532167667264, 0.9421817506527553, 0.7978730578094773, 0.6491563247370473, 0.5116909342604902, 0.4057492045252066, 0.3017381034128416, 0.24938381360777098, 0.19463639535151095, 0.15252981411235314, 0.07976847278848266, 0.05474713138878259, 0.05555590895804125, 0.04634682747086312, 0.040930660169016926, 0.04285635098889727, 0.036394782903531556, 0.03575777284470015, 0.03986619743004278, 0.0362170441621334, 0.029802746665985144, 0.03392020094716247, 0.030385229786523603, 0.029915524671791097, 0.028905517134720653, 0.031212756542129835, 0.015259897004439556, 0.011875375096135343, 0.009843287498108099, 0.010489117877092885], "val_loss": [1.145311138740632, 1.0357444243271856, 1.1122126865100836, 1.1059859270935049, 1.329599746984755, 1.2561578166537704, 1.5065844891286226, 1.5422210536805825, 1.5220772694459075, 1.7464276941970842, 1.8277144313566611, 2.0075065667126033, 1.9821260859628524, 1.997453045637434, 2.1606257922525605, 2.034973809475887, 2.264732008253088, 2.2017058653841044, 2.1676690177542484, 2.1185039043848803, 2.210277911066667, 2.1357294749313063, 2.1909126134056227, 2.2870052597653623, 2.149604063015553, 2.1035242474013724, 2.248338119355131, 2.2916416183503783, 2.4069776719102203, 2.4578576726389927], "train_acc": [0.5725785510257076, 0.667878473123864, 0.7222984753496309, 0.7753459212820417, 0.825796639091887, 0.8634121007530512, 0.8994695255406759, 0.9189820825759543, 0.9368253143895834, 0.9511444151797307, 0.9742181993545276, 0.9830841710872872, 0.9817487109099677, 0.9852728419334496, 0.9870534555032088, 0.9857921875579627, 0.9879066661720518, 0.9894276069295544, 0.987350224431502, 0.9876098972437586, 0.9908001632229105, 0.9892050302333346, 0.9906146826427273, 0.9907259709908373, 0.990429202062544, 0.9894276069295544, 0.9951775049152354, 0.9964387728604815, 0.9970694068331045, 0.9962903883963349], "val_acc": [0.5961387946777981, 0.637881554917819, 0.6227498043308114, 0.6415340464388207, 0.6209235585703105, 0.6206626663188103, 0.6243151578398122, 0.6243151578398122, 0.6290112183668145, 0.6274458648578137, 0.63996869292982, 0.6420558309418211, 0.6451865379598226, 0.6394469084268197, 0.6464909992173232, 0.6423167231933211, 0.6243151578398122, 0.6462301069658232, 0.6321419253848161, 0.6524915210018263, 0.6496217062353248, 0.6485781372293243, 0.6407513696843203, 0.6496217062353248, 0.6444038612053222, 0.6386642316723193, 0.6506652752413253, 0.649882598486825, 0.6451865379598226, 0.6504043829898252]}