{"train_loss": [1.196998567150808, 0.9172536698440003, 0.8141813442571477, 0.7408312955180186, 0.67773907529621, 0.6243300642796793, 0.5758983843244404, 0.5303835148160304, 0.4903756078033749, 0.45034974272183825, 0.414417164258364, 0.3990829966385517, 0.3739159232831945, 0.34383714641341606, 0.2122905764282557, 0.17903148357944346, 0.16576184641593208, 0.15886249990415408, 0.15116165931975625, 0.14147758488695863, 0.14257301717524526, 0.14171785182031205, 0.07696347302059774, 0.06488611764486424, 0.06830414389606115, 0.06386125470783616, 0.06254900401069059, 0.06066487953893225, 0.06137395443935602, 0.041813148731407186, 0.03548740215867495, 0.03455345312902273, 0.035339635047592716, 0.026743046439629683, 0.0218762435547193], "val_loss": [1.071222345231253, 1.0180965887638722, 1.0513508450322508, 1.1067215642448882, 1.175970547385232, 1.1255042124690258, 1.140674839124274, 1.157011773780342, 1.3149931837303845, 1.2367785145836463, 1.3453040050598775, 1.3428066883390701, 1.3374623429781458, 1.359801467544038, 1.4781890732697616, 1.59436129521459, 1.6431109416610792, 1.6019396622685393, 1.7620757472342496, 1.7241642665503822, 1.7263692478084887, 1.6941220711517235, 1.7907320998964782, 1.8098884049833148, 1.8065378924818627, 1.9590277673621697, 1.8811587722038525, 2.004580953333137, 1.96989395654088, 2.0091750729870865, 2.026202304807739, 2.0526561136392716, 2.038965087137123, 2.0678764747534926, 2.1355575757402954], "train_acc": [0.5829283673999333, 0.6810104982008384, 0.717401788032793, 0.7430723003301555, 0.7622880884371406, 0.7829506250695553, 0.8009422413473309, 0.8168935712430908, 0.8319174982379345, 0.8462365990280818, 0.8579589716956635, 0.8649701376265905, 0.8725006491820306, 0.8819972548874133, 0.9290351300218868, 0.9396817153244056, 0.9427606929554475, 0.9472493229958824, 0.950476685091071, 0.951960529732537, 0.9511815112957673, 0.9514782802240606, 0.9752197944875172, 0.9796713284119153, 0.9778907148421561, 0.9793374633675854, 0.9806358274288682, 0.9815261342137478, 0.9796342322958786, 0.9878324739399785, 0.9893905108135178, 0.9895388952776645, 0.9897614719738843, 0.9922840078643766, 0.9941759097822458], "val_acc": [0.6130967910253066, 0.6287503261153143, 0.6321419253848161, 0.6329246021393165, 0.6086616227498043, 0.6370988781633186, 0.6310983563788155, 0.6370988781633186, 0.6133576832768067, 0.6509261674928255, 0.6250978345943126, 0.6436211844508218, 0.6389251239238195, 0.6397078006783199, 0.649882598486825, 0.6433602921993217, 0.6485781372293243, 0.6511870597443256, 0.6282285416123141, 0.649882598486825, 0.6355335246543178, 0.6428385076963214, 0.6506652752413253, 0.6524915210018263, 0.6621445343073311, 0.6464909992173232, 0.6545786590138273, 0.647795460474824, 0.6493608139838247, 0.6514479519958257, 0.6493608139838247, 0.6532741977563267, 0.6517088442473259, 0.6548395512653274, 0.6574484737803288]}