{"train_loss": [1.1369611249044795, 1.0032047598754326, 0.9340152260060209, 0.859055023151684, 0.7810747341689995, 0.6959231695935547, 0.5968309126696498, 0.5122706899229228, 0.43181107346732717, 0.3661229089134803, 0.3140237513314259, 0.27250310312878856, 0.14202494315701283, 0.10348870540210771, 0.10037188979784507, 0.08968081789591802, 0.05428947152036432, 0.03657595288684007, 0.03162948710772667, 0.033344645372458286, 0.030302936908544336, 0.019969679939441327, 0.014115883571335579, 0.01209540584873274, 0.012312605547821329, 0.009622889435379903, 0.008957436124410433, 0.008041581253941955, 0.0076461143385017, 0.0071132180530880905, 0.008378371321999305, 0.007852990399760442, 0.006110005624496345, 0.006136320923352843, 0.0060462401239935225, 0.00545305485813315, 0.005066171229508032, 0.005069809976286075], "val_loss": [1.1685381767258793, 1.1220581867699277, 1.1395980820806217, 1.1386967163876243, 1.151100324447242, 1.1548901659217083, 1.2472237803608677, 1.2246373021351975, 1.334772446823474, 1.4404855965093544, 1.4531901519683386, 1.5396640549932796, 1.7320389386379358, 1.8296124943996848, 1.81598633376567, 1.8399210091203395, 1.857977481557767, 1.9819933534332022, 1.9741381678820098, 1.9775591213613215, 2.069267829775294, 1.9423592618459822, 1.9789835937832636, 2.009211400748405, 2.051354171725505, 1.9683395670605945, 1.9267633848892145, 1.9223223398995384, 1.922099855628807, 1.9507915553445054, 1.9348043631313019, 1.9388534644539148, 1.9494033205560792, 1.9137566802526744, 1.9081964396958595, 1.882762651422839, 1.910219964453226, 1.9157293667082589], "train_acc": [0.5846984935658132, 0.6389389081646097, 0.6654662040493654, 0.6970003074355483, 0.7274803460845887, 0.761781369405771, 0.7956431990864772, 0.8272212218367078, 0.8528701304405112, 0.8793974263252669, 0.8954719135666915, 0.9096578681540691, 0.952654925556678, 0.9663577671395318, 0.9668408801440556, 0.9694321226228644, 0.9827836092933374, 0.9891079977161931, 0.9904255786376214, 0.9888444815319074, 0.9910404497342878, 0.9943344020378585, 0.996179015327858, 0.9969256445166674, 0.9968817251526197, 0.9978479511616671, 0.9979357898897624, 0.9985506609864289, 0.9984189028942861, 0.9988141771707145, 0.9981114673459528, 0.9984189028942861, 0.998989854626905, 0.9986384997145241, 0.999209451447143, 0.9990776933550002, 0.999209451447143, 0.9992972901752383], "val_acc": [0.5531849103277675, 0.6057513914656771, 0.5887445887445888, 0.6072974644403216, 0.5887445887445888, 0.6072974644403216, 0.6042053184910328, 0.6150278293135436, 0.601113172541744, 0.595856524427953, 0.6057513914656771, 0.588126159554731, 0.6001855287569573, 0.6057513914656771, 0.5998763141620285, 0.6038961038961039, 0.6209029066171924, 0.6159554730983302, 0.614100185528757, 0.608843537414966, 0.5902906617192332, 0.6181199752628324, 0.6178107606679035, 0.6190476190476191, 0.6168831168831169, 0.6205936920222634, 0.6236858379715523, 0.6292517006802721, 0.6277056277056277, 0.6221397649969078, 0.6280148423005566, 0.6212121212121212, 0.6249226963512677, 0.6261595547309833, 0.6236858379715523, 0.621830550401979, 0.6205936920222634, 0.6249226963512677]}