{"train_loss": [1.1081421032552532, 0.8815599426805824, 0.7378053153617208, 0.5874830435908638, 0.47734023384742363, 0.38425229237513026, 0.3192098672469879, 0.26974638244307736, 0.24549422119361064, 0.12826885423151863, 0.1012684132435392, 0.08174848878344108, 0.08442134853843314], "val_loss": [1.1236645520544377, 1.1577946274560325, 1.1283578653909132, 1.2757075539805645, 1.4872115460548714, 1.4971634053605585, 1.5782311175317472, 1.5926353528966923, 1.7382050260488957, 1.9878004879657176, 2.031085055221506, 2.242422561292169, 2.2230525506669654], "train_acc": [0.5955904958496201, 0.6847468048662655, 0.7399534454741096, 0.7970046993719531, 0.837410514295753, 0.8664851332952699, 0.8917826869866924, 0.9081206904124028, 0.9165532083095437, 0.9558171197681058, 0.965435460494532, 0.9724186393781018, 0.9723747200140542], "val_acc": [0.5912183055040198, 0.6026592455163884, 0.6277056277056277, 0.6076066790352505, 0.5924551638837353, 0.6091527520098948, 0.616573902288188, 0.621830550401979, 0.6150278293135436, 0.6100803957946815, 0.6233766233766234, 0.6233766233766234, 0.6153370439084724]}