{"train_loss": [1.1013758012264048, 0.9029627285972667, 0.8027500788775654, 0.7214084218139888, 0.6589161050644802, 0.6001806777008092, 0.5444466313426164, 0.3620480271299668, 0.2989819624441886, 0.27573844598377745, 0.2290490403666034, 0.13786772890587853, 0.11791853351612834], "val_loss": [1.0851611062635518, 1.0980356956383441, 1.0649757210992337, 1.1502095272899338, 1.139767694368212, 1.26237081784937, 1.301961000872823, 1.3651314125279392, 1.4843869320426226, 1.4283025152117346, 1.6172703150170955, 1.708001804889405, 1.8098811524181213], "train_acc": [0.5998067547981906, 0.6778514647107909, 0.7144802143264966, 0.7448724142474417, 0.7666564188150555, 0.7883086652905266, 0.809477798761474, 0.8772014581228864, 0.9009179147085951, 0.9051780930212131, 0.9237559840133515, 0.9541921032983443, 0.9612631209100092], "val_acc": [0.6082251082251082, 0.6144094001236858, 0.6326530612244898, 0.6110080395794681, 0.6147186147186147, 0.6048237476808905, 0.5967841682127396, 0.6181199752628324, 0.6137909709338281, 0.6147186147186147, 0.6156462585034014, 0.6113172541743971, 0.614100185528757]}