{"train_loss": [1.5471973092417093, 0.7431821749112439, 0.4443433443022093, 0.2816276702506836, 0.1935880591358132], "val_loss": [0.975879305989197, 0.7437295748514803, 0.6718031834680369, 0.7699388688514149, 0.7825732677926205], "train_acc": [0.521251193887297, 0.7772206303724928, 0.870821394460363, 0.9180993314231136, 0.9450811843361987], "val_acc": [0.6978297161936561, 0.7529215358931552, 0.7846410684474123, 0.7929883138564274, 0.8030050083472454]}