{"train_loss": [1.2517151294752402, 1.0432573076693148, 0.9593683098828655, 0.8856616832428411, 0.8059735895087626], "val_loss": [1.1369844898367687, 1.1583575295182826, 1.0708245639542266, 1.0295975828898534, 1.2698973225390293], "train_acc": [0.5552175687205549, 0.6302630114626998, 0.6602366732203139, 0.691249026226954, 0.72430166561561], "val_acc": [0.5901382728932951, 0.5849204278632925, 0.6243151578398122, 0.6271849726063136, 0.5843986433602922]}