{"train_loss": [1.0955214348996152, 0.5636301209443847, 0.39676553790867614, 0.327206167843417, 0.25500245336816785, 0.23465062218158725, 0.18336238577577652, 0.17658632324782575, 0.12671417316000236, 0.1620147977853345, 0.06913809045800563, 0.038523620849345394, 0.03036640081536861, 0.0321897693723796, 0.03711566582692159, 0.029991227884375717, 0.013003062639641643, 0.010084696096940092, 0.0069190246261409, 0.008545920594707452, 0.014297060144099174, 0.013764536294217979, 0.010167215968577375, 0.01260246483007768, 0.01668104598373833, 0.0051715099097095225, 0.007766656024419768, 0.004234164225608253, 0.004610484721692352, 0.0036455457340730238, 0.0031180795926579346], "val_loss": [0.9101777896658207, 0.8314958116247977, 0.8236045704063072, 0.8166170938932438, 0.862730840908267, 0.8688539408881198, 0.8697349187826274, 0.8055825091164578, 1.0026815984653112, 1.0814122369820764, 0.7640506247577813, 0.8965488186476127, 0.9491114063633105, 0.8792825291968746, 0.8442709866867638, 0.7554624471160426, 0.7968866690520651, 0.7783403556252859, 0.8481676058411499, 0.870872141962843, 0.8750965860244726, 0.8053908170059398, 0.8890022006700552, 0.9035260420423219, 0.8598308661091258, 0.8870622057324657, 0.8729141057097355, 0.9057238141326653, 0.785341252614814, 0.7752227838211794, 0.7708102360224733], "train_acc": [0.637774594078319, 0.8180515759312321, 0.8724928366762178, 0.9013849092645654, 0.9178605539637058, 0.921919770773639, 0.9410219675262655, 0.9448424068767909, 0.9610792741165234, 0.9465138490926457, 0.9806590257879656, 0.9890162368672397, 0.9911652340019103, 0.9897325692454633, 0.9885386819484241, 0.9909264565425024, 0.9964183381088825, 0.9976122254059216, 0.9983285577841452, 0.9978510028653295, 0.9964183381088825, 0.9968958930276982, 0.9976122254059216, 0.9959407831900668, 0.9959407831900668, 0.9992836676217765, 0.998567335243553, 0.9992836676217765, 0.9992836676217765, 0.9997612225405922, 0.9995224450811844], "val_acc": [0.7178631051752922, 0.7429048414023373, 0.7662771285475793, 0.7813021702838063, 0.7712854757929883, 0.7946577629382304, 0.7813021702838063, 0.7929883138564274, 0.7646076794657763, 0.7429048414023373, 0.8146911519198664, 0.8013355592654424, 0.7913188647746243, 0.8063439065108514, 0.8046744574290484, 0.8230383973288815, 0.8280467445742905, 0.8263772954924875, 0.8063439065108514, 0.8163606010016694, 0.8363939899833055, 0.8347245409015025, 0.8063439065108514, 0.8096828046744574, 0.8113522537562604, 0.8163606010016694, 0.8130217028380634, 0.8096828046744574, 0.8230383973288815, 0.8230383973288815, 0.8180300500834724]}