{"train_loss": [1.2571606656079937, 1.0331749710002063, 0.950662186676712, 0.8718016196036633, 0.8031483776954452, 0.7256650173859112, 0.6348631452765863, 0.5489239325866362, 0.48037731579721216, 0.4102640721512888, 0.35358508291144386, 0.19701053829220444, 0.15285884176393058, 0.1331005824119882, 0.11720717978565037, 0.06527938145505559, 0.05126616694001361, 0.04672048596790536, 0.041707056694372024, 0.043161146628124564, 0.02820316728315182, 0.02198242395577301, 0.01991916153518178, 0.019963305197574898, 0.013858442218149147, 0.011970689870656125, 0.011057471553588613, 0.011266114167557049, 0.011458521997722959, 0.010942003586648298, 0.01028270614231792, 0.009851394836960941, 0.009948913118322375, 0.009809881014618538, 0.009842695382658594, 0.008793803490104104, 0.008497813856071991, 0.0067408053897649155, 0.006651146301027702, 0.006816565928122594, 0.006355759004491576, 0.006849525546147957], "val_loss": [1.176055830202369, 1.1347920907218618, 1.0938210141836058, 1.068944028672244, 1.1220670353641655, 1.2756848431367522, 1.1416196362206559, 1.2352158128204465, 1.2711133925963904, 1.3725528297802503, 1.4503845832163131, 1.6045557398945793, 1.54203870764234, 1.6631116069874687, 1.6717078455925733, 1.8092632018770276, 1.7886628290808897, 1.8575764462029127, 1.9494321254146898, 1.9428651347783599, 1.906190619234189, 1.9544222471944477, 2.0243532762005283, 2.0629647668444266, 2.0295223448315705, 2.008352924586353, 2.0132004764633717, 1.9714627686237778, 1.9983570824889674, 2.0089655852262607, 2.0632894620466504, 1.9922052389382539, 2.079818612106967, 2.064125170245545, 2.054703204976402, 2.107709708675342, 2.0137080797367237, 2.006773021961437, 2.006133278527149, 2.0569152832964273, 2.0437327245181827, 2.005314966289051], "train_acc": [0.552546648365916, 0.6367548317691137, 0.6698074711577697, 0.6954779834551322, 0.7225581481618875, 0.7487851021997997, 0.7851392959157176, 0.8155952071818081, 0.8385206068924583, 0.8643024075379308, 0.8819601587713767, 0.9357866231405572, 0.950476685091071, 0.9564491597729717, 0.9627184033831658, 0.9797826167600252, 0.9844567273806433, 0.9849389768891197, 0.9878324739399785, 0.9870905516192454, 0.9914307971955336, 0.9942501020143191, 0.9949178321029788, 0.9946210631746856, 0.996698445672738, 0.9973661757613977, 0.9977371369217642, 0.9977000408057276, 0.9971806951812145, 0.9975887524576177, 0.9975887524576177, 0.9984419631264606, 0.997662944689691, 0.9979226175019476, 0.9981822903142041, 0.9981451941981675, 0.9985532514745706, 0.999035500983047, 0.9988871165189005, 0.9989242126349371, 0.9987387320547538, 0.9988129242868272], "val_acc": [0.5927471954082963, 0.6013566397078007, 0.6010957474563006, 0.6316201408818158, 0.6188364205583095, 0.5950952256717975, 0.6350117401513176, 0.6076180537438038, 0.6222280198278111, 0.615966605791808, 0.6141403600313071, 0.6172710670493087, 0.6245760500913123, 0.609966084007305, 0.6271849726063136, 0.637881554917819, 0.6290112183668145, 0.6310983563788155, 0.627967649360814, 0.6324028176363162, 0.6305765718758153, 0.6355335246543178, 0.637881554917819, 0.6303156796243151, 0.635794416905818, 0.6410122619358205, 0.6342290633968171, 0.6436211844508218, 0.6386642316723193, 0.6420558309418211, 0.6404904774328203, 0.6532741977563267, 0.6391860161753196, 0.6423167231933211, 0.636055309157318, 0.6381424471693191, 0.6436211844508218, 0.6425776154448213, 0.6389251239238195, 0.6344899556483172, 0.6381424471693191, 0.6391860161753196]}