{"train_loss": [1.1219229000231825, 0.56748838615964, 0.400593358699549, 0.29404406620984774, 0.2170998323441918, 0.17029598140386365, 0.14644532197412127, 0.12468330563182134, 0.1423221526502026, 0.10162005473885403, 0.0774756803603375, 0.10477669654305537, 0.0825598643454007, 0.057120575232443745, 0.056530550753816945, 0.06150885480820756, 0.06514568450311849, 0.04516150237086879, 0.05727790425502212, 0.06518180095061389, 0.04359442088041373, 0.05262199679964223, 0.06411460916082079, 0.055765726616465575, 0.01548631874214655, 0.007626679698814778, 0.007721466799075391, 0.010235548519205618], "val_loss": [0.9137684337682835, 0.7672036805614605, 1.246708380559052, 0.8258142844464424, 0.926075435441006, 0.871050931874022, 0.9386973422835386, 0.9830277707421521, 0.8787051251714735, 0.9219949946727896, 0.8980957637097879, 0.989883041541047, 0.9515188236865456, 1.0846635513194216, 1.108197943818987, 0.8841268689945365, 0.9827128211176256, 0.8419404494481314, 1.2334952559135544, 0.9903490765219265, 1.1331609558945333, 1.1930287566171254, 1.1496436706182853, 1.0376955180215914, 1.022799997501859, 1.0826298897162403, 1.1210846866532314, 1.0950830753096605], "train_acc": [0.6241642788920726, 0.8161413562559694, 0.874880611270296, 0.910458452722063, 0.9324259789875836, 0.9493791786055397, 0.9548710601719198, 0.9577363896848138, 0.9565425023877746, 0.9665711556829035, 0.9746895893027698, 0.9694364851957975, 0.9751671442215855, 0.9835243553008596, 0.9851957975167144, 0.9823304680038204, 0.9820916905444126, 0.9875835721107927, 0.9820916905444126, 0.9797039159503342, 0.9861509073543457, 0.9842406876790831, 0.9797039159503342, 0.9808978032473734, 0.995702005730659, 0.9980897803247374, 0.9973734479465138, 0.997134670487106], "val_acc": [0.7128547579298832, 0.7746243739565943, 0.664440734557596, 0.8013355592654424, 0.7796327212020033, 0.7979966611018364, 0.7863105175292153, 0.7929883138564274, 0.7946577629382304, 0.8096828046744574, 0.8096828046744574, 0.7946577629382304, 0.7863105175292153, 0.7779632721202003, 0.7863105175292153, 0.8230383973288815, 0.7746243739565943, 0.8263772954924875, 0.7779632721202003, 0.7996661101836394, 0.8013355592654424, 0.7813021702838063, 0.7545909849749582, 0.7929883138564274, 0.8030050083472454, 0.8013355592654424, 0.8030050083472454, 0.7946577629382304]}