{"train_loss": [1.2175320587845906, 0.8017200788317573, 0.6591958703603079], "val_loss": [0.8633971473012424, 1.037451132311049, 1.0782477730303655], "train_acc": [0.5869149952244508, 0.7425978987583572, 0.7905921680993314], "val_acc": [0.7161936560934892, 0.672787979966611, 0.67779632721202]}