{"train_loss": [1.1591952238747816, 0.5055609713197323, 0.30203042070469405, 0.22859512864404785, 0.1945970704727437, 0.16717769041899397, 0.13911480485766756, 0.09637714573738113, 0.10196476565262991, 0.1140601219504417, 0.09348043509596228, 0.10104427798877985, 0.08519437946485926, 0.037228250573633846, 0.03671941816194807, 0.029484200114322026, 0.022783558931354694, 0.02317450710402405, 0.020269628552365925, 0.028497804291617506, 0.02605617430537882, 0.030638039742757448, 0.02743147693239971, 0.012924745428058344, 0.007969432854678023, 0.01193430660507769, 0.010522645237031033, 0.009823316559880446, 0.011798972978101866, 0.006822498388047603, 0.0063832890155165675, 0.005747203798760031, 0.005781206916221582, 0.006033811019066412], "val_loss": [0.7825027807726088, 0.8308378960533015, 0.7691013210006866, 0.8620543060000233, 0.8028947505011582, 0.9588401616614729, 0.7936898358477177, 0.837169137057259, 0.781690923518848, 0.870085807706856, 0.9533874337780655, 0.8994049354268235, 0.8827788923588739, 0.8268694629852282, 0.8970886339030799, 0.8615194412822118, 0.8201234911339907, 0.7731392093388385, 0.855670859113659, 0.9167615671413569, 1.1232777765278825, 0.8146217311662505, 0.7537496105638738, 0.7812310019274785, 0.7216128643558598, 0.7794715430718133, 0.7618866865002303, 0.8498215477024275, 0.8470457428553217, 0.8718937074327111, 0.8473443955724098, 0.8265651100484627, 0.8820276023487317, 0.853458538502206], "train_acc": [0.6260744985673352, 0.8373925501432665, 0.9011461318051576, 0.9290830945558739, 0.9395893027698186, 0.9469914040114613, 0.9563037249283668, 0.9713467048710601, 0.9651384909264565, 0.9637058261700095, 0.9711079274116523, 0.9689589302769819, 0.9734957020057307, 0.9897325692454633, 0.9904489016236867, 0.9909264565425024, 0.9925978987583572, 0.9940305635148042, 0.9949856733524355, 0.9916427889207259, 0.9930754536771729, 0.9902101241642789, 0.9923591212989494, 0.9976122254059216, 0.998567335243553, 0.997134670487106, 0.9988061127029608, 0.9980897803247374, 0.9968958930276982, 0.9992836676217765, 0.9995224450811844, 0.9988061127029608, 0.9990448901623686, 0.9990448901623686], "val_acc": [0.7445742904841403, 0.7629382303839732, 0.7813021702838063, 0.7879799666110183, 0.8096828046744574, 0.7712854757929883, 0.8046744574290484, 0.7979966611018364, 0.8313856427378965, 0.8146911519198664, 0.7779632721202003, 0.8196994991652755, 0.7929883138564274, 0.8397328881469115, 0.8180300500834724, 0.8213689482470785, 0.8380634390651085, 0.8414023372287145, 0.8313856427378965, 0.8046744574290484, 0.7796327212020033, 0.8113522537562604, 0.8414023372287145, 0.8547579298831386, 0.8464106844741235, 0.8397328881469115, 0.8530884808013356, 0.8447412353923205, 0.8514190317195326, 0.8447412353923205, 0.8430717863105175, 0.8480801335559266, 0.8447412353923205, 0.8497495826377296]}