{"train_loss": [1.1239938926104716, 0.5372472357328665, 0.3588848257190063, 0.23882459051401816, 0.19483104886873176, 0.1443245571601243, 0.14599365916782714, 0.10283700117366362, 0.08571141025135089, 0.08094635345006171, 0.09626100166614497, 0.09103535905964281, 0.09428252045104303, 0.06421929005615293, 0.04068456595245866, 0.025847156154064757, 0.01788782253558992, 0.01573358660847582, 0.01809826698741291, 0.01807944507181552, 0.023299876426826047, 0.021508462063936157, 0.025501575496193616, 0.022485366661756264, 0.019292622909604536, 0.009043757830201199, 0.013088512459214788, 0.007412606654573079, 0.011777700896106025], "val_loss": [0.9038297789721735, 0.7263129784388216, 0.7696003794471091, 0.7537421769709738, 0.9600226542786485, 0.9754206252739903, 1.1385729080672455, 0.8968634678794069, 1.0209563152618917, 1.119605707555064, 1.1022032365476548, 1.2633376215461747, 1.083875012367914, 1.0736933010995686, 1.0886247475788569, 0.9970197166177834, 1.014319019581818, 1.0012278234269718, 0.9761118860417769, 1.1077154870075057, 1.2303551427999788, 1.1446750800192158, 1.274894652742028, 1.1678822863281848, 1.1550685705318549, 1.1239763705995873, 1.1723666186312303, 1.192767682302594, 1.2995885883804679], "train_acc": [0.6363419293218721, 0.8321394460362942, 0.8849092645654251, 0.9226361031518625, 0.9381566380133716, 0.9529608404966571, 0.957258834765998, 0.9670487106017192, 0.9732569245463228, 0.9765998089780324, 0.9718242597898759, 0.9713467048710601, 0.9694364851957975, 0.9792263610315186, 0.9890162368672397, 0.9923591212989494, 0.9937917860553964, 0.9968958930276982, 0.9945081184336199, 0.9952244508118434, 0.9933142311365807, 0.9945081184336199, 0.9930754536771729, 0.9928366762177651, 0.9947468958930277, 0.9973734479465138, 0.9959407831900668, 0.9973734479465138, 0.9973734479465138], "val_acc": [0.7395659432387313, 0.7829716193656093, 0.8063439065108514, 0.8080133555926544, 0.7946577629382304, 0.7896494156928213, 0.7829716193656093, 0.8313856427378965, 0.8030050083472454, 0.7746243739565943, 0.7913188647746243, 0.7762938230383973, 0.7996661101836394, 0.7963272120200334, 0.8146911519198664, 0.8297161936560935, 0.8363939899833055, 0.8347245409015025, 0.8497495826377296, 0.8247078464106845, 0.8163606010016694, 0.8247078464106845, 0.8080133555926544, 0.8230383973288815, 0.8347245409015025, 0.8397328881469115, 0.8414023372287145, 0.8263772954924875, 0.8146911519198664]}