{"train_loss": [1.547108073118423, 0.7771634412813778, 0.4818771467424054, 0.3021755962283017, 0.21698677461548088], "val_loss": [0.9622556504502718, 0.7707990411924003, 0.7177772020457782, 0.6894175247079343, 0.7764081650962416], "train_acc": [0.5159980897803247, 0.7617000955109837, 0.8574498567335244, 0.9128462273161414, 0.9367239732569246], "val_acc": [0.6911519198664441, 0.7662771285475793, 0.7913188647746243, 0.8046744574290484, 0.7846410684474123]}