{"train_loss": [1.214065279642057, 0.9156298623681312, 0.815373021452435, 0.7332667353559452, 0.6762002026503653], "val_loss": [1.1272848484692175, 1.0146162260800966, 1.092272099396158, 1.1443320952225626, 1.1212375229810132], "train_acc": [0.5774752383425455, 0.6781170011499796, 0.7142857142857143, 0.7428126275178989, 0.7641799903550098], "val_acc": [0.6055309157318027, 0.6417949386903209, 0.6334463866423167, 0.6130967910253066, 0.625880511348813]}