{"train_loss": [1.3321445058431072, 1.1033368656422753, 0.9849037619842931, 0.898301149597993, 0.7873939016777449, 0.6974098163590868, 0.5933677657648767, 0.5022504029900348, 0.4056911688355614, 0.2551095275256791, 0.18542100111041318, 0.15141142247011238, 0.12876037660013714], "val_loss": [1.2180832170519542, 1.147676377143432, 1.0716498192004178, 1.157913200170416, 1.215911642926, 1.2330789740826422, 1.2667237731081185, 1.3193575392931334, 1.4382436965141974, 1.458948384415472, 1.63308374065796, 1.7608928997958886, 1.791318822250707], "train_acc": [0.5250955224987944, 0.608784360277479, 0.6515190859517008, 0.6850168787327967, 0.7278999888711651, 0.764699335979523, 0.8024631821048336, 0.8338094001558037, 0.8684942686500723, 0.9195756204325407, 0.9417220017064213, 0.9519234336165003, 0.9599361946804169], "val_acc": [0.5575267414557787, 0.597965040438299, 0.6334463866423167, 0.6130967910253066, 0.5729193842942865, 0.5982259326897991, 0.6214453430733107, 0.6104878685103052, 0.6024002087138012, 0.6230106965823115, 0.6224889120793112, 0.6211844508218106, 0.6227498043308114]}