{"train_loss": [1.5345045739736802, 0.7506848181444002, 0.46008215791971885, 0.3095386292724919, 0.20629232674267822], "val_loss": [0.8953723449738874, 0.7513684784629707, 0.7147812367679679, 0.709873108812087, 0.7420729034532092], "train_acc": [0.5117000955109837, 0.7841451766953199, 0.8679560649474689, 0.9061604584527221, 0.9393505253104107], "val_acc": [0.7429048414023373, 0.7612687813021702, 0.7896494156928213, 0.8046744574290484, 0.8080133555926544]}