{"train_loss": [1.2125566847318092, 0.8913047419690359, 0.7392502652743974, 0.6016239601762605, 0.503210881800062, 0.42371841165769764, 0.3658017531790763, 0.31891101207070754, 0.2912777294714877, 0.2636636312892477, 0.26290781673981056, 0.1532061447690652, 0.11724650594500666, 0.09656589450615558, 0.09523385396284521], "val_loss": [1.1282002784053247, 1.0532214185478106, 1.0843702313360706, 1.1802627617032106, 1.2627692553663017, 1.3158453213866872, 1.3640047337557608, 1.5256148232334188, 1.5635012192955349, 1.6175587033950611, 1.6241546667343991, 1.76840858270861, 1.838893448035924, 2.0188174945727635, 1.9677794115148202], "train_acc": [0.5787365062877917, 0.6884297214081686, 0.7415884556886894, 0.7914085395259116, 0.8293578662314056, 0.8556590125013911, 0.8753199540008161, 0.8917535334050525, 0.9025114070556812, 0.9090032273620952, 0.909448380754535, 0.9475460919241755, 0.96056682865304, 0.9679860518603702, 0.9676150907000037], "val_acc": [0.6125750065223063, 0.6501434907383251, 0.6454474302113227, 0.635794416905818, 0.6577093660318288, 0.6517088442473259, 0.6551004435168275, 0.6444038612053222, 0.6326637098878163, 0.6397078006783199, 0.6506652752413253, 0.6548395512653274, 0.6564049047743282, 0.6540568745108271, 0.6509261674928255]}